{"cameraMode":{"drawMode":0,"name":"Shaded","section":"Shading Mode"},"sceneLighting":false,"audioPlay":false,"sceneViewState":{"showFog":true,"showMaterialUpdate":false,"showSkybox":true,"showFlares":true,"showImageEffects":true,"showParticleSystems":true},"in2DMode":false,"pivot":{"x":44.74444580078125,"y":19.62842559814453,"z":48.10294723510742},"rotation":{"x":0.7092121839523315,"y":0.004229869227856398,"z":-0.004255324602127075,"w":0.7049696445465088},"size":2.8578836917877199,"orthographic":false}