{"cameraMode":{"drawMode":0,"name":"Shaded","section":"Shading Mode"},"sceneLighting":true,"audioPlay":false,"sceneViewState":{"showFog":true,"showMaterialUpdate":false,"showSkybox":true,"showFlares":true,"showImageEffects":true,"showParticleSystems":true},"in2DMode":false,"pivot":{"x":19.224563598632814,"y":0.4538605213165283,"z":19.223928451538087},"rotation":{"x":0.7217981815338135,"y":0.0010381528409197927,"z":-0.0010826955549418927,"w":0.6921019554138184},"size":82.92195129394531,"orthographic":false}